Zip Code;Population;
33012;75666;
33024;75306;
33023;73671;
33311;73034;
33025;71763;
33411;71587;
33186;70614;
34953;69685;
33157;68402;
33647;67730;
33015;66272;
32828;65665;
32765;65151;
34787;64723;
33313;62405;
33463;62043;
32218;61846;
32825;61550;
32210;61496;
33125;61492;
33064;61397;
33414;61301;
32822;60781;
32244;60712;
34711;60564;
33027;60191;
33142;58574;
33033;58224;
33177;58129;
33511;57642;
32808;57443;
33065;57399;
32068;57226;
33458;56642;
33165;56133;
33161;55663;
32818;55586;
33175;55334;
34744;55210;
32771;54980;
33063;54937;
32162;54530;
32225;54496;
32837;54051;
33312;53552;
33467;53339;
33126;52987;
33018;52526;
33176;52461;
32839;52371;
33196;51752;
33068;51617;
33415;51582;
33178;51459;
33193;51378;
32246;51275;
33016;51003;
32703;50992;
32792;50991;
32174;50869;
32303;50436;
33810;50302;
32259;49969;
33578;49634;
33021;49350;
33612;49312;
32608;48905;
33324;48807;
33162;48185;
33614;48029;
32725;48008;
33321;47974;
33029;47895;
33147;47834;
32304;47787;
33155;47450;
34668;47309;
33010;47231;
33032;47067;
33319;47021;
32712;46662;
32824;46545;
33461;46344;
34135;46064;
32835;46058;
33610;45963;
34741;45920;
32738;45881;
33615;45851;
32256;45688;
33617;45652;
34761;45639;
33179;45243;
32164;45207;
32708;44826;
32514;44759;
33020;44578;
34743;44335;
34221;44294;
33436;44249;
32907;44097;
34997;44018;
32137;43813;
32224;43751;
34786;43458;
33055;43405;
34746;43249;
32746;43232;
33172;43083;
34983;42737;
32073;41863;
33134;41861;
32935;41550;
33169;41525;
33880;41346;
33014;41316;
33009;41276;
34609;41250;
32811;41246;
33428;41189;
33160;41113;
34758;41094;
33309;40926;
33418;40225;
34952;40063;
32404;40029;
33141;40005;
33433;39954;
34759;39850;
33071;39839;
33135;39789;
33619;39747;
34208;39538;
32940;39396;
34655;39385;
32810;39384;
34748;39230;
32955;39127;
33322;39049;
33437;38921;
34698;38909;
33604;38690;
32257;38651;
33624;38618;
33139;38606;
33317;38360;
32566;38112;
32216;38073;
34293;37969;
34203;37632;
33183;37504;
33914;37375;
32714;37223;
33813;37211;
33060;37168;
32065;37160;
33905;37081;
32506;36923;
34207;36738;
33076;36600;
34116;36531;
32826;36464;
33435;36423;
33056;36409;
32526;36300;
33908;36071;
32724;36047;
32207;35917;
33030;35701;
33410;35597;
33351;35581;
33594;35465;
32209;35436;
32780;35399;
32571;35388;
32707;35369;
32817;35317;
33801;35305;
33844;35280;
32812;35101;
34653;35015;
33613;34941;
34785;34933;
32034;34928;
32084;34892;
34209;34794;
33040;34784;
33073;34652;
32092;34642;
34232;34639;
32211;34607;
32503;34520;
34608;34476;
33133;34460;
32807;34306;
33579;34271;
33156;34167;
33174;34015;
34667;33960;
33710;33883;
33409;33875;
33952;33662;
33756;33649;
33127;33464;
33881;33463;
32547;33339;
33417;33287;
33462;33173;
34683;33162;
33013;32980;
33326;32946;
32114;32923;
33990;32901;
32312;32864;
32578;32833;
33460;32688;
34205;32534;
34120;32502;
33713;32350;
33173;32307;
33445;32261;
34266;32246;
34243;32235;
33143;32197;
32208;32194;
33823;32139;
33884;32069;
32405;32064;
33054;32035;
32277;32029;
32258;31990;
33180;31883;
33904;31859;
32720;31819;
33611;31791;
34472;31632;
34119;31632;
32309;31610;
33909;31467;
33145;31465;
32507;31288;
32904;31206;
33026;31045;
33185;30959;
32773;30955;
34142;30955;
33407;30928;
32082;30898;
32909;30798;
32570;30768;
33919;30764;
34772;30746;
32301;30712;
32607;30624;
33702;30562;
32127;30415;
33771;30346;
34231;30267;
33144;30235;
32221;30227;
33809;30137;
32159;30135;
34990;30101;
33596;30015;
33626;29964;
33138;29867;
33150;29839;
32779;29737;
33803;29675;
32086;29568;
32205;29499;
33334;29478;
33917;29439;
32539;29265;
33168;29072;
33325;28987;
33442;28846;
34684;28784;
33328;28782;
33404;28717;
32583;28585;
32003;28531;
32327;28319;
33401;28287;
32809;28258;
33510;28176;
33308;27951;
33563;27875;
33570;27821;
33130;27818;
33067;27784;
32806;27768;
32958;27676;
32533;27632;
33069;27612;
33544;27606;
33705;27596;
34112;27543;
34287;27532;
34639;27522;
34689;27496;
33830;27476;
32819;27442;
33569;27428;
33837;27428;
33971;27255;
33028;27235;
32168;27186;
33584;27153;
32937;27126;
33618;27081;
33441;27050;
32250;26956;
33189;26937;
33406;26858;
32927;26687;
32757;26679;
32789;26568;
33825;26526;
34638;26512;
32962;26469;
33470;26384;
32177;26377;
34986;26317;
33764;26282;
34606;26274;
33625;26242;
33314;26188;
33543;26172;
33484;26146;
33629;25999;
34982;25981;
33331;25854;
33805;25709;
33770;25688;
33712;25674;
32563;25550;
33703;25457;
33709;25455;
33755;25445;
34482;25244;
33860;25150;
33707;25143;
33781;25059;
33967;25041;
34769;25018;
33446;24983;
32505;24965;
32043;24952;
34491;24936;
34471;24898;
33993;24856;
33166;24830;
33547;24813;
32901;24772;
32605;24684;
33928;24682;
34109;24662;
32117;24602;
32233;24473;
32750;24389;
32832;24325;
33907;24198;
32953;24181;
34974;24163;
33486;24146;
34104;24121;
32223;24039;
34110;24008;
33137;23965;
33913;23816;
33607;23813;
34219;23792;
33936;23787;
33444;23770;
32060;23768;
32606;23766;
33327;23762;
34202;23739;
33916;23438;
32536;23426;
34652;23409;
32905;23395;
33034;23281;
33426;23155;
32763;23098;
32504;23080;
34957;23078;
33782;23052;
34654;23021;
33556;22978;
33558;22843;
33634;22733;
34476;22665;
33430;22603;
32401;22566;
33772;22517;
32308;22441;
33455;22415;
33573;22412;
32119;22398;
32726;22377;
32025;22374;
33991;22354;
32926;22350;
34677;22152;
32129;22149;
33903;22122;
32751;22073;
33950;22017;
33062;22014;
32701;21997;
33935;21968;
32080;21943;
34234;21865;
34601;21847;
33496;21825;
33140;21807;
33870;21760;
34714;21743;
33811;21739;
33184;21733;
32444;21730;
34113;21409;
32778;21406;
32548;21315;
33852;21202;
33323;21195;
32967;21111;
33542;21101;
33603;21044;
32311;21038;
33431;20967;
32960;20960;
33901;20950;
32796;20948;
32952;20732;
32713;20697;
32805;20695;
32305;20659;
33566;20602;
33405;20537;
34972;20496;
34691;20473;
33525;20449;
33714;20375;
33711;20366;
33763;20195;
33487;20176;
32836;20154;
34275;20074;
33472;20039;
33434;20006;
33181;19986;
32609;19906;
33541;19900;
32829;19888;
33440;19878;
34470;19856;
33897;19855;
33167;19837;
32128;19806;
33761;19744;
32803;19583;
33432;19578;
34473;19522;
33606;19466;
34747;19413;
32217;19411;
32024;19378;
34238;19364;
34212;19301;
33187;19286;
34481;19147;
33774;19108;
34480;19029;
33572;18998;
32541;18908;
34685;18899;
32141;18828;
33304;18771;
32934;18761;
32351;18643;
34286;18625;
32601;18579;
33976;18554;
33545;18522;
32097;18518;
33609;18413;
33912;18402;
33523;18387;
33759;18366;
33635;18353;
33408;18248;
33598;18226;
34736;18213;
32408;18141;
34420;18107;
34695;18096;
34285;18069;
33716;18043;
33549;18015;
34233;17989;
34715;17948;
32966;17868;
33773;17768;
33559;17731;
34145;17692;
32804;17653;
34465;17603;
32433;17586;
33413;17473;
33605;17457;
34613;17433;
33182;17379;
32821;17374;
34223;17370;
34771;17351;
32118;17349;
33637;17345;
33565;17311;
34237;17307;
33760;17260;
32766;17252;
34105;17248;
32428;17179;
33777;17179;
33974;17119;
32055;17114;
33898;17107;
34950;17027;
34210;17023;
34994;16909;
34788;16886;
33004;16812;
33066;16786;
34114;16727;
33131;16715;
34474;16659;
34446;16647;
34108;16636;
33704;16503;
32206;16500;
33534;16487;
33948;16361;
33190;16305;
33706;16294;
33146;16156;
33616;16145;
33708;16098;
34292;16054;
32226;16013;
34951;15978;
34224;15913;
32310;15864;
34117;15794;
33872;15778;
32922;15741;
34984;15663;
33035;15658;
34239;15499;
32459;15400;
32091;15311;
33972;15299;
33330;15226;
33701;15209;
33469;15195;
33301;15062;
32641;14989;
33019;14933;
33412;14918;
33973;14875;
33527;14850;
33136;14839;
32963;14790;
33154;14790;
33778;14710;
34241;14675;
34235;14671;
32317;14665;
34610;14656;
32615;14630;
32176;14629;
32413;14619;
32534;14524;
32656;14433;
33983;14422;
33602;14409;
33498;14404;
33815;14328;
33765;14270;
32931;14118;
32903;14090;
32968;14015;
34134;13977;
34442;13953;
32063;13840;
32011;13805;
33873;13762;
33170;13748;
33477;13710;
34479;13533;
32425;13480;
33812;13450;
33315;13362;
33980;13336;
32081;13266;
34731;13218;
34947;13188;
32220;13179;
32653;13168;
33129;13128;
32669;13098;
33149;13054;
32254;13039;
33478;13015;
32908;13001;
32569;12971;
34236;12920;
33132;12895;
34475;12882;
33776;12872;
34103;12802;
34669;12752;
32348;12673;
34432;12583;
33403;12558;
33305;12425;
32776;12416;
32696;12363;
32344;12360;
33567;12318;
32784;12313;
34288;12304;
33513;12303;
33853;12254;
32693;12186;
32801;12174;
33868;12092;
32951;12029;
34690;12028;
32219;11931;
33483;11904;
32054;11724;
33449;11602;
34604;11573;
32501;11557;
33332;11518;
34102;11454;
34453;11427;
33955;11406;
34452;11400;
32446;11303;
33473;11300;
32340;11294;
32643;11207;
34222;11184;
34240;11142;
33843;11136;
34996;11119;
33592;11068;
33982;11025;
33037;10955;
33875;10928;
32640;10790;
34450;10747;
33981;10729;
33931;10675;
34461;10664;
34448;10620;
32333;10506;
32169;10502;
34488;10499;
32148;10450;
32754;10436;
32407;10433;
33859;10364;
32409;10191;
32579;10187;
33966;10185;
32920;10181;
32680;10111;
32038;10103;
34956;10057;
33480;10027;
32095;10006;
32439;9964;
32736;9922;
33316;9801;
32222;9772;
33896;9746;
32052;9704;
32833;9697;
33050;9433;
32046;9426;
32827;9421;
34428;9369;
32561;9305;
33954;9294;
32820;9240;
32976;9001;
33841;8944;
33947;8901;
32626;8784;
34607;8778;
33540;8737;
34987;8660;
33476;8618;
32550;8490;
33194;8485;
32448;8480;
32456;8437;
34429;8272;
34436;8225;
34637;8209;
33597;8207;
32465;8179;
33762;8093;
32179;8075;
32618;8058;
32112;8054;
32110;8009;
34431;7958;
32136;7933;
32948;7908;
34211;7885;
34229;7824;
33850;7802;
32347;7795;
32440;7762;
34434;7731;
33767;7714;
34242;7706;
33834;7695;
32066;7664;
32612;7606;
33128;7585;
32040;7570;
32132;7514;
32204;7507;
33715;7488;
34949;7429;
33031;7387;
32134;7376;
32435;7325;
34602;7314;
34614;7237;
34228;7233;
33957;7224;
32603;7195;
32424;7182;
32814;7155;
33471;7155;
32666;7147;
32266;7080;
33548;7063;
32064;6888;
33953;6885;
32352;6698;
33158;6641;
33042;6524;
34688;6497;
32466;6450;
32321;6277;
32202;6165;
34291;6119;
33920;5993;
32730;5991;
32087;5979;
34433;5957;
34946;5950;
34251;5922;
32460;5831;
32124;5823;
34753;5818;
32234;5780;
32531;5735;
32535;5694;
32145;5659;
32189;5611;
32130;5581;
33493;5543;
33070;5518;
33785;5515;
33620;5402;
32621;5394;
32508;5381;
32113;5366;
32619;5326;
32421;5256;
34981;5139;
34217;5127;
32628;5040;
34945;5019;
33043;4928;
33890;4872;
32565;4826;
32732;4809;
32686;4764;
32324;4726;
32668;4700;
33876;4689;
32735;4673;
32033;4660;
33576;4654;
32058;4585;
32131;4560;
32008;4538;
33538;4523;
32455;4514;
32580;4364;
32577;4321;
32464;4311;
32331;4269;
34734;4225;
32950;4222;
33838;4178;
32322;4152;
32667;4090;
34269;4025;
32431;3975;
32617;3937;
32180;3934;
34201;3930;
32071;3856;
32320;3832;
32009;3821;
34773;3771;
32744;3764;
34289;3734;
33922;3731;
34756;3704;
32462;3641;
34484;3604;
32083;3563;
32438;3473;
33956;3437;
33306;3378;
32403;3374;
32443;3322;
32343;3301;
32831;3280;
33036;3274;
32767;3273;
33839;3267;
32764;3188;
32502;3185;
32053;3139;
32442;3132;
32567;3104;
32227;3087;
32542;3081;
32328;3032;
32195;2986;
34449;2966;
32564;2931;
33827;2930;
32702;2793;
32759;2787;
32568;2735;
34705;2649;
32949;2629;
32798;2595;
34737;2551;
33621;2533;
32445;2525;
32212;2499;
32059;2465;
32694;2454;
33514;2350;
33946;2325;
32181;2268;
32094;2254;
32102;2195;
32187;2186;
32096;2179;
32334;2088;
32062;2085;
33857;2071;
32544;2003;
32709;1986;
32420;1983;
32026;1907;
32358;1889;
32044;1824;
32346;1769;
33965;1659;
33786;1632;
32625;1626;
32925;1506;
33585;1394;
32140;1393;
32336;1373;
32332;1315;
33849;1191;
32350;1184;
32359;1162;
32616;1142;
33851;1105;
32190;1089;
34797;1084;
33865;1078;
32430;1064;
33848;1059;
32511;1034;
32423;1025;
32622;1004;
32410;987;
32427;926;
32437;921;
32426;914;
33930;903;
34216;874;
34760;874;
33921;861;
32139;854;
32330;828;
34681;775;
33960;719;
32193;718;
32509;702;
32449;637;
33877;589;
34498;576;
32648;570;
33051;569;
34215;560;
32147;556;
32664;538;
34139;486;
34762;484;
33109;475;
32079;461;
32061;457;
34137;454;
34140;437;
33521;430;
32323;422;
33867;393;
32658;376;
32228;368;
33039;356;
32697;334;
34739;334;
33856;330;
33001;323;
32072;299;
32692;274;
34138;268;
33944;268;
33438;265;
32631;264;
32361;256;
33854;236;
32355;224;
33503;204;
32970;204;
32157;202;
33924;200;
32463;171;
33847;171;
32447;161;
33744;145;
32683;140;
34661;138;
34268;128;
32639;123;
33122;109;
34679;103;
32356;91;
34141;67;
32681;47;
32461;34;
32133;34;
32830;5;
;;
;;
;;
;;
;;
;;
;;
;;
;;
;;
;;
;;
;;
;;
;;
;;
;;
;;
;;
;;
;;
;;
;;
;;
;;
;;
;;
;;
;;
;;
;;
;;
;;
;;
;;
;;
;;
;;
;;
;;
;;
;;
;;
;;
;;
;;
;;
;;
;;
;;
;;
;;
;;
;;
;;
;;
;;
;;
;;
;;
;;
;;
;;
;;
;;
;;
;;
;;
;;
;;
;;
;;
;;
;;
;;
;;
;;
;;
;;
;;
;;
;;
;;
;;
;;
;;
;;
;;
;;
;;
;;
;;
;;
;;
;;
;;
;;
;;
;;
;;
;;
;;
;;
;;
;;
;;
;;
;;
;;
;;
;;
;;
;;
;;
;;
;;
;;
;;
;;
;;
;;
;;
;;
;;
;;
;;
;;
;;
;;
;;
;;
;;
;;
;;
;;
;;
;;
;;
;;
;;
;;
;;
;;
;;
;;
;;
;;
;;
;;
;;
;;
;;
;;
;;
;;
;;
;;
;;
;;
;;
;;
;;
;;
;;
;;
;;
;;
;;
;;
;;
;;
;;
;;
;;
;;
;;
;;
;;
;;
;;
;;
;;
;;
;;
;;
;;
;;
;;
;;
;;
;;
;;
;;
;;
;;
;;
;;
;;
;;
;;
;;
;;
;;
;;
;;
;;
;;
;;
;;
;;
;;
;;
;;
;;
;;
;;
;;
;;
;;
;;
;;
;;
;;
;;
;;
;;
;;
;;
;;
;;
;;
;;
;;
;;
;;
;;
;;
;;
;;
;;
;;
;;
;;
;;
;;
;;
;;
;;
;;
;;
;;
;;
;;
;;
;;
;;
;;
;;
;;
;;
;;
;;
;;
;;
;;
;;
;;
;;
;;
;;
;;
;;
;;
;;
;;
;;
;;
;;
;;
;;
;;
;;
;;
;;
;;
;;
;;
;;
;;
;;
;;
;;
;;
;;
;;
;;
;;
;;
;;
;;
;;
;;
;;
;;
;;
;;
;;
;;
;;
;;
;;
;;
;;
;;
;;
;;
;;
;;
;;
;;
;;
;;
;;
;;
;;
;;
;;
;;
;;
;;
;;
;;
;;
;;
;;
;;
;;
;;
;;
;;
;;
;;
;;
;;
;;
;;
;;
;;
;;
;;
;;
;;
;;
;;
;;
;;
;;
;;
;;
